{"initial_reset_timestamp": 1580569788.7054138, "timestamps": [1580569803.741251], "episode_lengths": [2900], "episode_rewards": [18.0], "episode_types": ["t"]}